image_names,yawn_or_not
YD_dataset/train/yawn/1.jpg,1
YD_dataset/train/yawn/10.jpg,1
YD_dataset/train/yawn/101.jpg,1
YD_dataset/train/yawn/103.jpg,1
YD_dataset/train/yawn/104.jpg,1
YD_dataset/train/yawn/106.jpg,1
YD_dataset/train/yawn/107.jpg,1
YD_dataset/train/yawn/108.jpg,1
YD_dataset/train/yawn/109.jpg,1
YD_dataset/train/yawn/11.jpg,1
YD_dataset/train/yawn/110.jpg,1
YD_dataset/train/yawn/112.jpg,1
YD_dataset/train/yawn/113.jpg,1
YD_dataset/train/yawn/114.jpg,1
YD_dataset/train/yawn/115.jpg,1
YD_dataset/train/yawn/117.jpg,1
YD_dataset/train/yawn/118.jpg,1
YD_dataset/train/yawn/12.jpg,1
YD_dataset/train/yawn/120.jpg,1
YD_dataset/train/yawn/123.jpg,1
YD_dataset/train/yawn/124.jpg,1
YD_dataset/train/yawn/125.jpg,1
YD_dataset/train/yawn/126.jpg,1
YD_dataset/train/yawn/128.jpg,1
YD_dataset/train/yawn/129.jpg,1
YD_dataset/train/yawn/13.jpg,1
YD_dataset/train/yawn/130.jpg,1
YD_dataset/train/yawn/132.jpg,1
YD_dataset/train/yawn/133.jpg,1
YD_dataset/train/yawn/135.jpg,1
YD_dataset/train/yawn/136.jpg,1
YD_dataset/train/yawn/137.jpg,1
YD_dataset/train/yawn/138.jpg,1
YD_dataset/train/yawn/139.jpg,1
YD_dataset/train/yawn/141.jpg,1
YD_dataset/train/yawn/142.jpg,1
YD_dataset/train/yawn/143.jpg,1
YD_dataset/train/yawn/144.jpg,1
YD_dataset/train/yawn/146.jpg,1
YD_dataset/train/yawn/147.jpg,1
YD_dataset/train/yawn/149.jpg,1
YD_dataset/train/yawn/15.jpg,1
YD_dataset/train/yawn/150.jpg,1
YD_dataset/train/yawn/151.jpg,1
YD_dataset/train/yawn/152.jpg,1
YD_dataset/train/yawn/153.jpg,1
YD_dataset/train/yawn/154.jpg,1
YD_dataset/train/yawn/155.jpg,1
YD_dataset/train/yawn/156.jpg,1
YD_dataset/train/yawn/157.jpg,1
YD_dataset/train/yawn/158.jpg,1
YD_dataset/train/yawn/159.jpg,1
YD_dataset/train/yawn/16.jpg,1
YD_dataset/train/yawn/161.jpg,1
YD_dataset/train/yawn/162.jpg,1
YD_dataset/train/yawn/163.jpg,1
YD_dataset/train/yawn/164.jpg,1
YD_dataset/train/yawn/165.jpg,1
YD_dataset/train/yawn/166.jpg,1
YD_dataset/train/yawn/167.jpg,1
YD_dataset/train/yawn/17.jpg,1
YD_dataset/train/yawn/170.jpg,1
YD_dataset/train/yawn/171.jpg,1
YD_dataset/train/yawn/172.jpg,1
YD_dataset/train/yawn/173.jpg,1
YD_dataset/train/yawn/174.jpg,1
YD_dataset/train/yawn/175.jpg,1
YD_dataset/train/yawn/176.jpg,1
YD_dataset/train/yawn/178.jpg,1
YD_dataset/train/yawn/179.jpg,1
YD_dataset/train/yawn/18.jpg,1
YD_dataset/train/yawn/180.jpg,1
YD_dataset/train/yawn/181.jpg,1
YD_dataset/train/yawn/182.jpg,1
YD_dataset/train/yawn/183.jpg,1
YD_dataset/train/yawn/184.jpg,1
YD_dataset/train/yawn/185.jpg,1
YD_dataset/train/yawn/186.jpg,1
YD_dataset/train/yawn/187.jpg,1
YD_dataset/train/yawn/19.jpg,1
YD_dataset/train/yawn/190.jpg,1
YD_dataset/train/yawn/191.jpg,1
YD_dataset/train/yawn/192.jpg,1
YD_dataset/train/yawn/193.jpg,1
YD_dataset/train/yawn/194.jpg,1
YD_dataset/train/yawn/195.jpg,1
YD_dataset/train/yawn/196.jpg,1
YD_dataset/train/yawn/197.jpg,1
YD_dataset/train/yawn/198.jpg,1
YD_dataset/train/yawn/199.jpg,1
YD_dataset/train/yawn/2.jpg,1
YD_dataset/train/yawn/20.jpg,1
YD_dataset/train/yawn/200.jpg,1
YD_dataset/train/yawn/201.jpg,1
YD_dataset/train/yawn/202.jpg,1
YD_dataset/train/yawn/203.jpg,1
YD_dataset/train/yawn/204.jpg,1
YD_dataset/train/yawn/207.jpg,1
YD_dataset/train/yawn/208.jpg,1
YD_dataset/train/yawn/209.jpg,1
YD_dataset/train/yawn/21.jpg,1
YD_dataset/train/yawn/210.jpg,1
YD_dataset/train/yawn/211.jpg,1
YD_dataset/train/yawn/212.jpg,1
YD_dataset/train/yawn/213.jpg,1
YD_dataset/train/yawn/215.jpg,1
YD_dataset/train/yawn/216.jpg,1
YD_dataset/train/yawn/217.jpg,1
YD_dataset/train/yawn/218.jpg,1
YD_dataset/train/yawn/219.jpg,1
YD_dataset/train/yawn/22.jpg,1
YD_dataset/train/yawn/220.jpg,1
YD_dataset/train/yawn/221.jpg,1
YD_dataset/train/yawn/222.jpg,1
YD_dataset/train/yawn/223.jpg,1
YD_dataset/train/yawn/224.jpg,1
YD_dataset/train/yawn/225.jpg,1
YD_dataset/train/yawn/226.jpg,1
YD_dataset/train/yawn/227.jpg,1
YD_dataset/train/yawn/228.jpg,1
YD_dataset/train/yawn/23.jpg,1
YD_dataset/train/yawn/230.jpg,1
YD_dataset/train/yawn/231.jpg,1
YD_dataset/train/yawn/232.jpg,1
YD_dataset/train/yawn/236.jpg,1
YD_dataset/train/yawn/237.jpg,1
YD_dataset/train/yawn/238.jpg,1
YD_dataset/train/yawn/24.jpg,1
YD_dataset/train/yawn/241.jpg,1
YD_dataset/train/yawn/242.jpg,1
YD_dataset/train/yawn/243.jpg,1
YD_dataset/train/yawn/244.jpg,1
YD_dataset/train/yawn/245.jpg,1
YD_dataset/train/yawn/246.jpg,1
YD_dataset/train/yawn/247.jpg,1
YD_dataset/train/yawn/25.jpg,1
YD_dataset/train/yawn/250.jpg,1
YD_dataset/train/yawn/251.jpg,1
YD_dataset/train/yawn/252.jpg,1
YD_dataset/train/yawn/253.jpg,1
YD_dataset/train/yawn/254.jpg,1
YD_dataset/train/yawn/255.jpg,1
YD_dataset/train/yawn/256.jpg,1
YD_dataset/train/yawn/258.jpg,1
YD_dataset/train/yawn/26.jpg,1
YD_dataset/train/yawn/260.jpg,1
YD_dataset/train/yawn/261.jpg,1
YD_dataset/train/yawn/262.jpg,1
YD_dataset/train/yawn/263.jpg,1
YD_dataset/train/yawn/264.jpg,1
YD_dataset/train/yawn/265.jpg,1
YD_dataset/train/yawn/266.jpg,1
YD_dataset/train/yawn/267.jpg,1
YD_dataset/train/yawn/268.jpg,1
YD_dataset/train/yawn/269.jpg,1
YD_dataset/train/yawn/27.jpg,1
YD_dataset/train/yawn/270.jpg,1
YD_dataset/train/yawn/271.jpg,1
YD_dataset/train/yawn/272.jpg,1
YD_dataset/train/yawn/273.jpg,1
YD_dataset/train/yawn/274.jpg,1
YD_dataset/train/yawn/275.jpg,1
YD_dataset/train/yawn/276.jpg,1
YD_dataset/train/yawn/277.jpg,1
YD_dataset/train/yawn/278.jpg,1
YD_dataset/train/yawn/279.jpg,1
YD_dataset/train/yawn/28.jpg,1
YD_dataset/train/yawn/280.jpg,1
YD_dataset/train/yawn/281.jpg,1
YD_dataset/train/yawn/282.jpg,1
YD_dataset/train/yawn/283.jpg,1
YD_dataset/train/yawn/284.jpg,1
YD_dataset/train/yawn/285.jpg,1
YD_dataset/train/yawn/287.jpg,1
YD_dataset/train/yawn/288.jpg,1
YD_dataset/train/yawn/289.jpg,1
YD_dataset/train/yawn/29.jpg,1
YD_dataset/train/yawn/290.jpg,1
YD_dataset/train/yawn/291.jpg,1
YD_dataset/train/yawn/292.jpg,1
YD_dataset/train/yawn/293.jpg,1
YD_dataset/train/yawn/294.jpg,1
YD_dataset/train/yawn/295.jpg,1
YD_dataset/train/yawn/296.jpg,1
YD_dataset/train/yawn/297.jpg,1
YD_dataset/train/yawn/298.jpg,1
YD_dataset/train/yawn/299.jpg,1
YD_dataset/train/yawn/3.jpg,1
YD_dataset/train/yawn/30.jpg,1
YD_dataset/train/yawn/300.jpg,1
YD_dataset/train/yawn/301.jpg,1
YD_dataset/train/yawn/302.jpg,1
YD_dataset/train/yawn/303.jpg,1
YD_dataset/train/yawn/304.jpg,1
YD_dataset/train/yawn/307.jpg,1
YD_dataset/train/yawn/308.jpg,1
YD_dataset/train/yawn/309.jpg,1
YD_dataset/train/yawn/31.jpg,1
YD_dataset/train/yawn/310.jpg,1
YD_dataset/train/yawn/311.jpg,1
YD_dataset/train/yawn/312.jpg,1
YD_dataset/train/yawn/313.jpg,1
YD_dataset/train/yawn/314.jpg,1
YD_dataset/train/yawn/315.jpg,1
YD_dataset/train/yawn/316.jpg,1
YD_dataset/train/yawn/317.jpg,1
YD_dataset/train/yawn/32.jpg,1
YD_dataset/train/yawn/320.jpg,1
YD_dataset/train/yawn/321.jpg,1
YD_dataset/train/yawn/323.jpg,1
YD_dataset/train/yawn/324.jpg,1
YD_dataset/train/yawn/325.jpg,1
YD_dataset/train/yawn/326.jpg,1
YD_dataset/train/yawn/327.jpg,1
YD_dataset/train/yawn/328.jpg,1
YD_dataset/train/yawn/329.jpg,1
YD_dataset/train/yawn/33.jpg,1
YD_dataset/train/yawn/330.jpg,1
YD_dataset/train/yawn/334.jpg,1
YD_dataset/train/yawn/335.jpg,1
YD_dataset/train/yawn/337.jpg,1
YD_dataset/train/yawn/338.jpg,1
YD_dataset/train/yawn/339.jpg,1
YD_dataset/train/yawn/34.jpg,1
YD_dataset/train/yawn/340.jpg,1
YD_dataset/train/yawn/341.jpg,1
YD_dataset/train/yawn/342.jpg,1
YD_dataset/train/yawn/343.jpg,1
YD_dataset/train/yawn/344.jpg,1
YD_dataset/train/yawn/345.jpg,1
YD_dataset/train/yawn/346.jpg,1
YD_dataset/train/yawn/347.jpg,1
YD_dataset/train/yawn/348.jpg,1
YD_dataset/train/yawn/35.jpg,1
YD_dataset/train/yawn/350.jpg,1
YD_dataset/train/yawn/351.jpg,1
YD_dataset/train/yawn/352.jpg,1
YD_dataset/train/yawn/353.jpg,1
YD_dataset/train/yawn/354.jpg,1
YD_dataset/train/yawn/355.jpg,1
YD_dataset/train/yawn/356.jpg,1
YD_dataset/train/yawn/358.jpg,1
YD_dataset/train/yawn/359.jpg,1
YD_dataset/train/yawn/36.jpg,1
YD_dataset/train/yawn/360.jpg,1
YD_dataset/train/yawn/361.jpg,1
YD_dataset/train/yawn/363.jpg,1
YD_dataset/train/yawn/364.jpg,1
YD_dataset/train/yawn/365.jpg,1
YD_dataset/train/yawn/367.jpg,1
YD_dataset/train/yawn/368.jpg,1
YD_dataset/train/yawn/369.jpg,1
YD_dataset/train/yawn/37.jpg,1
YD_dataset/train/yawn/370.jpg,1
YD_dataset/train/yawn/371.jpg,1
YD_dataset/train/yawn/372.jpg,1
YD_dataset/train/yawn/373.jpg,1
YD_dataset/train/yawn/374.jpg,1
YD_dataset/train/yawn/375.jpg,1
YD_dataset/train/yawn/376.jpg,1
YD_dataset/train/yawn/377.jpg,1
YD_dataset/train/yawn/378.jpg,1
YD_dataset/train/yawn/38.jpg,1
YD_dataset/train/yawn/380.jpg,1
YD_dataset/train/yawn/383.jpg,1
YD_dataset/train/yawn/384.jpg,1
YD_dataset/train/yawn/387.jpg,1
YD_dataset/train/yawn/388.jpg,1
YD_dataset/train/yawn/389.jpg,1
YD_dataset/train/yawn/39.jpg,1
YD_dataset/train/yawn/390.jpg,1
YD_dataset/train/yawn/391.jpg,1
YD_dataset/train/yawn/392.jpg,1
YD_dataset/train/yawn/393.jpg,1
YD_dataset/train/yawn/394.jpg,1
YD_dataset/train/yawn/395.jpg,1
YD_dataset/train/yawn/396.jpg,1
YD_dataset/train/yawn/397.jpg,1
YD_dataset/train/yawn/398.jpg,1
YD_dataset/train/yawn/399.jpg,1
YD_dataset/train/yawn/4.jpg,1
YD_dataset/train/yawn/40.jpg,1
YD_dataset/train/yawn/400.jpg,1
YD_dataset/train/yawn/401.jpg,1
YD_dataset/train/yawn/402.jpg,1
YD_dataset/train/yawn/403.jpg,1
YD_dataset/train/yawn/404.jpg,1
YD_dataset/train/yawn/405.jpg,1
YD_dataset/train/yawn/406.jpg,1
YD_dataset/train/yawn/407.jpg,1
YD_dataset/train/yawn/408.jpg,1
YD_dataset/train/yawn/41.jpg,1
YD_dataset/train/yawn/410.jpg,1
YD_dataset/train/yawn/411.jpg,1
YD_dataset/train/yawn/412.jpg,1
YD_dataset/train/yawn/413.jpg,1
YD_dataset/train/yawn/414.jpg,1
YD_dataset/train/yawn/415.jpg,1
YD_dataset/train/yawn/416.jpg,1
YD_dataset/train/yawn/417.jpg,1
YD_dataset/train/yawn/418.jpg,1
YD_dataset/train/yawn/419.jpg,1
YD_dataset/train/yawn/42.jpg,1
YD_dataset/train/yawn/420.jpg,1
YD_dataset/train/yawn/421.jpg,1
YD_dataset/train/yawn/422.jpg,1
YD_dataset/train/yawn/423.jpg,1
YD_dataset/train/yawn/424.jpg,1
YD_dataset/train/yawn/425.jpg,1
YD_dataset/train/yawn/426.jpg,1
YD_dataset/train/yawn/427.jpg,1
YD_dataset/train/yawn/428.jpg,1
YD_dataset/train/yawn/429.jpg,1
YD_dataset/train/yawn/43.jpg,1
YD_dataset/train/yawn/430.jpg,1
YD_dataset/train/yawn/431.jpg,1
YD_dataset/train/yawn/432.jpg,1
YD_dataset/train/yawn/433.jpg,1
YD_dataset/train/yawn/434.jpg,1
YD_dataset/train/yawn/435.jpg,1
YD_dataset/train/yawn/436.jpg,1
YD_dataset/train/yawn/437.jpg,1
YD_dataset/train/yawn/438.jpg,1
YD_dataset/train/yawn/439.jpg,1
YD_dataset/train/yawn/44.jpg,1
YD_dataset/train/yawn/440.jpg,1
YD_dataset/train/yawn/441.jpg,1
YD_dataset/train/yawn/442.jpg,1
YD_dataset/train/yawn/444.jpg,1
YD_dataset/train/yawn/445.jpg,1
YD_dataset/train/yawn/446.jpg,1
YD_dataset/train/yawn/447.jpg,1
YD_dataset/train/yawn/448.jpg,1
YD_dataset/train/yawn/449.jpg,1
YD_dataset/train/yawn/45.jpg,1
YD_dataset/train/yawn/450.jpg,1
YD_dataset/train/yawn/452.jpg,1
YD_dataset/train/yawn/453.jpg,1
YD_dataset/train/yawn/454.jpg,1
YD_dataset/train/yawn/456.jpg,1
YD_dataset/train/yawn/457.jpg,1
YD_dataset/train/yawn/458.jpg,1
YD_dataset/train/yawn/459.jpg,1
YD_dataset/train/yawn/46.jpg,1
YD_dataset/train/yawn/460.jpg,1
YD_dataset/train/yawn/462.jpg,1
YD_dataset/train/yawn/463.jpg,1
YD_dataset/train/yawn/464.jpg,1
YD_dataset/train/yawn/467.jpg,1
YD_dataset/train/yawn/468.jpg,1
YD_dataset/train/yawn/469.jpg,1
YD_dataset/train/yawn/470.jpg,1
YD_dataset/train/yawn/471.jpg,1
YD_dataset/train/yawn/472.jpg,1
YD_dataset/train/yawn/473.jpg,1
YD_dataset/train/yawn/474.jpg,1
YD_dataset/train/yawn/475.jpg,1
YD_dataset/train/yawn/476.jpg,1
YD_dataset/train/yawn/478.jpg,1
YD_dataset/train/yawn/479.jpg,1
YD_dataset/train/yawn/48.jpg,1
YD_dataset/train/yawn/481.jpg,1
YD_dataset/train/yawn/483.jpg,1
YD_dataset/train/yawn/484.jpg,1
YD_dataset/train/yawn/485.jpg,1
YD_dataset/train/yawn/486.jpg,1
YD_dataset/train/yawn/487.jpg,1
YD_dataset/train/yawn/488.jpg,1
YD_dataset/train/yawn/489.jpg,1
YD_dataset/train/yawn/490.jpg,1
YD_dataset/train/yawn/491.jpg,1
YD_dataset/train/yawn/492.jpg,1
YD_dataset/train/yawn/493.jpg,1
YD_dataset/train/yawn/494.jpg,1
YD_dataset/train/yawn/495.jpg,1
YD_dataset/train/yawn/496.jpg,1
YD_dataset/train/yawn/497.jpg,1
YD_dataset/train/yawn/498.jpg,1
YD_dataset/train/yawn/499.jpg,1
YD_dataset/train/yawn/5.jpg,1
YD_dataset/train/yawn/50.jpg,1
YD_dataset/train/yawn/500.jpg,1
YD_dataset/train/yawn/501.jpg,1
YD_dataset/train/yawn/502.jpg,1
YD_dataset/train/yawn/503.jpg,1
YD_dataset/train/yawn/504.jpg,1
YD_dataset/train/yawn/506.jpg,1
YD_dataset/train/yawn/507.jpg,1
YD_dataset/train/yawn/508.jpg,1
YD_dataset/train/yawn/509.jpg,1
YD_dataset/train/yawn/51.jpg,1
YD_dataset/train/yawn/510.jpg,1
YD_dataset/train/yawn/512.jpg,1
YD_dataset/train/yawn/514.jpg,1
YD_dataset/train/yawn/515.jpg,1
YD_dataset/train/yawn/516.jpg,1
YD_dataset/train/yawn/517.jpg,1
YD_dataset/train/yawn/518.jpg,1
YD_dataset/train/yawn/519.jpg,1
YD_dataset/train/yawn/52.jpg,1
YD_dataset/train/yawn/520.jpg,1
YD_dataset/train/yawn/521.jpg,1
YD_dataset/train/yawn/522.jpg,1
YD_dataset/train/yawn/523.jpg,1
YD_dataset/train/yawn/524.jpg,1
YD_dataset/train/yawn/525.jpg,1
YD_dataset/train/yawn/528.jpg,1
YD_dataset/train/yawn/53.jpg,1
YD_dataset/train/yawn/530.jpg,1
YD_dataset/train/yawn/531.jpg,1
YD_dataset/train/yawn/532.jpg,1
YD_dataset/train/yawn/533.jpg,1
YD_dataset/train/yawn/534.jpg,1
YD_dataset/train/yawn/535.jpg,1
YD_dataset/train/yawn/536.jpg,1
YD_dataset/train/yawn/537.jpg,1
YD_dataset/train/yawn/539.jpg,1
YD_dataset/train/yawn/54.jpg,1
YD_dataset/train/yawn/540.jpg,1
YD_dataset/train/yawn/541.jpg,1
YD_dataset/train/yawn/542.jpg,1
YD_dataset/train/yawn/543.jpg,1
YD_dataset/train/yawn/544.jpg,1
YD_dataset/train/yawn/545.jpg,1
YD_dataset/train/yawn/546.jpg,1
YD_dataset/train/yawn/549.jpg,1
YD_dataset/train/yawn/55.jpg,1
YD_dataset/train/yawn/550.jpg,1
YD_dataset/train/yawn/552.jpg,1
YD_dataset/train/yawn/553.jpg,1
YD_dataset/train/yawn/555.jpg,1
YD_dataset/train/yawn/556.jpg,1
YD_dataset/train/yawn/557.jpg,1
YD_dataset/train/yawn/558.jpg,1
YD_dataset/train/yawn/56.jpg,1
YD_dataset/train/yawn/560.jpg,1
YD_dataset/train/yawn/561.jpg,1
YD_dataset/train/yawn/562.jpg,1
YD_dataset/train/yawn/565.jpg,1
YD_dataset/train/yawn/566.jpg,1
YD_dataset/train/yawn/567.jpg,1
YD_dataset/train/yawn/568.jpg,1
YD_dataset/train/yawn/569.jpg,1
YD_dataset/train/yawn/57.jpg,1
YD_dataset/train/yawn/570.jpg,1
YD_dataset/train/yawn/571.jpg,1
YD_dataset/train/yawn/572.jpg,1
YD_dataset/train/yawn/573.jpg,1
YD_dataset/train/yawn/574.jpg,1
YD_dataset/train/yawn/575.jpg,1
YD_dataset/train/yawn/576.jpg,1
YD_dataset/train/yawn/577.jpg,1
YD_dataset/train/yawn/578.jpg,1
YD_dataset/train/yawn/579.jpg,1
YD_dataset/train/yawn/58.jpg,1
YD_dataset/train/yawn/580.jpg,1
YD_dataset/train/yawn/581.jpg,1
YD_dataset/train/yawn/582.jpg,1
YD_dataset/train/yawn/583.jpg,1
YD_dataset/train/yawn/584.jpg,1
YD_dataset/train/yawn/585.jpg,1
YD_dataset/train/yawn/586.jpg,1
YD_dataset/train/yawn/587.jpg,1
YD_dataset/train/yawn/588.jpg,1
YD_dataset/train/yawn/589.jpg,1
YD_dataset/train/yawn/59.jpg,1
YD_dataset/train/yawn/590.jpg,1
YD_dataset/train/yawn/591.jpg,1
YD_dataset/train/yawn/592.jpg,1
YD_dataset/train/yawn/593.jpg,1
YD_dataset/train/yawn/594.jpg,1
YD_dataset/train/yawn/595.jpg,1
YD_dataset/train/yawn/596.jpg,1
YD_dataset/train/yawn/597.jpg,1
YD_dataset/train/yawn/598.jpg,1
YD_dataset/train/yawn/599.jpg,1
YD_dataset/train/yawn/6.jpg,1
YD_dataset/train/yawn/60.jpg,1
YD_dataset/train/yawn/600.jpg,1
YD_dataset/train/yawn/601.jpg,1
YD_dataset/train/yawn/603.jpg,1
YD_dataset/train/yawn/604.jpg,1
YD_dataset/train/yawn/605.jpg,1
YD_dataset/train/yawn/607.jpg,1
YD_dataset/train/yawn/608.jpg,1
YD_dataset/train/yawn/609.jpg,1
YD_dataset/train/yawn/610.jpg,1
YD_dataset/train/yawn/611.jpg,1
YD_dataset/train/yawn/612.jpg,1
YD_dataset/train/yawn/613.jpg,1
YD_dataset/train/yawn/614.jpg,1
YD_dataset/train/yawn/615.jpg,1
YD_dataset/train/yawn/616.jpg,1
YD_dataset/train/yawn/617.jpg,1
YD_dataset/train/yawn/618.jpg,1
YD_dataset/train/yawn/62.jpg,1
YD_dataset/train/yawn/620.jpg,1
YD_dataset/train/yawn/621.jpg,1
YD_dataset/train/yawn/623.jpg,1
YD_dataset/train/yawn/624.jpg,1
YD_dataset/train/yawn/625.jpg,1
YD_dataset/train/yawn/626.jpg,1
YD_dataset/train/yawn/627.jpg,1
YD_dataset/train/yawn/628.jpg,1
YD_dataset/train/yawn/629.jpg,1
YD_dataset/train/yawn/631.jpg,1
YD_dataset/train/yawn/633.jpg,1
YD_dataset/train/yawn/634.jpg,1
YD_dataset/train/yawn/635.jpg,1
YD_dataset/train/yawn/636.jpg,1
YD_dataset/train/yawn/637.jpg,1
YD_dataset/train/yawn/638.jpg,1
YD_dataset/train/yawn/639.jpg,1
YD_dataset/train/yawn/64.jpg,1
YD_dataset/train/yawn/640.jpg,1
YD_dataset/train/yawn/641.jpg,1
YD_dataset/train/yawn/642.jpg,1
YD_dataset/train/yawn/643.jpg,1
YD_dataset/train/yawn/644.jpg,1
YD_dataset/train/yawn/645.jpg,1
YD_dataset/train/yawn/647.jpg,1
YD_dataset/train/yawn/648.jpg,1
YD_dataset/train/yawn/65.jpg,1
YD_dataset/train/yawn/650.jpg,1
YD_dataset/train/yawn/651.jpg,1
YD_dataset/train/yawn/653.jpg,1
YD_dataset/train/yawn/654.jpg,1
YD_dataset/train/yawn/655.jpg,1
YD_dataset/train/yawn/656.jpg,1
YD_dataset/train/yawn/657.jpg,1
YD_dataset/train/yawn/658.jpg,1
YD_dataset/train/yawn/659.jpg,1
YD_dataset/train/yawn/66.jpg,1
YD_dataset/train/yawn/660.jpg,1
YD_dataset/train/yawn/661.jpg,1
YD_dataset/train/yawn/663.jpg,1
YD_dataset/train/yawn/664.jpg,1
YD_dataset/train/yawn/665.jpg,1
YD_dataset/train/yawn/666.jpg,1
YD_dataset/train/yawn/667.jpg,1
YD_dataset/train/yawn/668.jpg,1
YD_dataset/train/yawn/669.jpg,1
YD_dataset/train/yawn/67.jpg,1
YD_dataset/train/yawn/670.jpg,1
YD_dataset/train/yawn/671.jpg,1
YD_dataset/train/yawn/672.jpg,1
YD_dataset/train/yawn/673.jpg,1
YD_dataset/train/yawn/674.jpg,1
YD_dataset/train/yawn/675.jpg,1
YD_dataset/train/yawn/677.jpg,1
YD_dataset/train/yawn/679.jpg,1
YD_dataset/train/yawn/68.jpg,1
YD_dataset/train/yawn/680.jpg,1
YD_dataset/train/yawn/682.jpg,1
YD_dataset/train/yawn/683.jpg,1
YD_dataset/train/yawn/684.jpg,1
YD_dataset/train/yawn/685.jpg,1
YD_dataset/train/yawn/687.jpg,1
YD_dataset/train/yawn/688.jpg,1
YD_dataset/train/yawn/689.jpg,1
YD_dataset/train/yawn/69.jpg,1
YD_dataset/train/yawn/691.jpg,1
YD_dataset/train/yawn/692.jpg,1
YD_dataset/train/yawn/693.jpg,1
YD_dataset/train/yawn/694.jpg,1
YD_dataset/train/yawn/696.jpg,1
YD_dataset/train/yawn/697.jpg,1
YD_dataset/train/yawn/698.jpg,1
YD_dataset/train/yawn/699.jpg,1
YD_dataset/train/yawn/7.jpg,1
YD_dataset/train/yawn/70.jpg,1
YD_dataset/train/yawn/700.jpg,1
YD_dataset/train/yawn/701.jpg,1
YD_dataset/train/yawn/702.jpg,1
YD_dataset/train/yawn/703.jpg,1
YD_dataset/train/yawn/704.jpg,1
YD_dataset/train/yawn/705.jpg,1
YD_dataset/train/yawn/706.jpg,1
YD_dataset/train/yawn/708.jpg,1
YD_dataset/train/yawn/71.jpg,1
YD_dataset/train/yawn/710.jpg,1
YD_dataset/train/yawn/712.jpg,1
YD_dataset/train/yawn/713.jpg,1
YD_dataset/train/yawn/714.jpg,1
YD_dataset/train/yawn/716.jpg,1
YD_dataset/train/yawn/717.jpg,1
YD_dataset/train/yawn/718.jpg,1
YD_dataset/train/yawn/72.jpg,1
YD_dataset/train/yawn/722.jpg,1
YD_dataset/train/yawn/723.jpg,1
YD_dataset/train/yawn/724.jpg,1
YD_dataset/train/yawn/726.jpg,1
YD_dataset/train/yawn/73.jpg,1
YD_dataset/train/yawn/74.jpg,1
YD_dataset/train/yawn/75.jpg,1
YD_dataset/train/yawn/76.jpg,1
YD_dataset/train/yawn/77.jpg,1
YD_dataset/train/yawn/78.jpg,1
YD_dataset/train/yawn/79.jpg,1
YD_dataset/train/yawn/8.jpg,1
YD_dataset/train/yawn/80.jpg,1
YD_dataset/train/yawn/82.jpg,1
YD_dataset/train/yawn/83.jpg,1
YD_dataset/train/yawn/85.jpg,1
YD_dataset/train/yawn/87.jpg,1
YD_dataset/train/yawn/88.jpg,1
YD_dataset/train/yawn/89.jpg,1
YD_dataset/train/yawn/9.jpg,1
YD_dataset/train/yawn/90.jpg,1
YD_dataset/train/yawn/91.jpg,1
YD_dataset/train/yawn/92.jpg,1
YD_dataset/train/yawn/93.jpg,1
YD_dataset/train/yawn/94.jpg,1
YD_dataset/train/yawn/96.jpg,1
YD_dataset/train/yawn/97.jpg,1
YD_dataset/train/yawn/98.jpg,1
YD_dataset/train/yawn/99.jpg,1
YD_dataset/test/yawn/100.jpg,1
YD_dataset/test/yawn/102.jpg,1
YD_dataset/test/yawn/105.jpg,1
YD_dataset/test/yawn/111.jpg,1
YD_dataset/test/yawn/116.jpg,1
YD_dataset/test/yawn/119.jpg,1
YD_dataset/test/yawn/121.jpg,1
YD_dataset/test/yawn/122.jpg,1
YD_dataset/test/yawn/127.jpg,1
YD_dataset/test/yawn/131.jpg,1
YD_dataset/test/yawn/134.jpg,1
YD_dataset/test/yawn/14.jpg,1
YD_dataset/test/yawn/140.jpg,1
YD_dataset/test/yawn/145.jpg,1
YD_dataset/test/yawn/148.jpg,1
YD_dataset/test/yawn/160.jpg,1
YD_dataset/test/yawn/168.jpg,1
YD_dataset/test/yawn/169.jpg,1
YD_dataset/test/yawn/177.jpg,1
YD_dataset/test/yawn/188.jpg,1
YD_dataset/test/yawn/189.jpg,1
YD_dataset/test/yawn/205.jpg,1
YD_dataset/test/yawn/206.jpg,1
YD_dataset/test/yawn/214.jpg,1
YD_dataset/test/yawn/229.jpg,1
YD_dataset/test/yawn/233.jpg,1
YD_dataset/test/yawn/234.jpg,1
YD_dataset/test/yawn/235.jpg,1
YD_dataset/test/yawn/239.jpg,1
YD_dataset/test/yawn/240.jpg,1
YD_dataset/test/yawn/248.jpg,1
YD_dataset/test/yawn/249.jpg,1
YD_dataset/test/yawn/257.jpg,1
YD_dataset/test/yawn/259.jpg,1
YD_dataset/test/yawn/286.jpg,1
YD_dataset/test/yawn/305.jpg,1
YD_dataset/test/yawn/306.jpg,1
YD_dataset/test/yawn/318.jpg,1
YD_dataset/test/yawn/319.jpg,1
YD_dataset/test/yawn/322.jpg,1
YD_dataset/test/yawn/331.jpg,1
YD_dataset/test/yawn/332.jpg,1
YD_dataset/test/yawn/333.jpg,1
YD_dataset/test/yawn/336.jpg,1
YD_dataset/test/yawn/349.jpg,1
YD_dataset/test/yawn/357.jpg,1
YD_dataset/test/yawn/362.jpg,1
YD_dataset/test/yawn/366.jpg,1
YD_dataset/test/yawn/379.jpg,1
YD_dataset/test/yawn/381.jpg,1
YD_dataset/test/yawn/382.jpg,1
YD_dataset/test/yawn/385.jpg,1
YD_dataset/test/yawn/386.jpg,1
YD_dataset/test/yawn/409.jpg,1
YD_dataset/test/yawn/443.jpg,1
YD_dataset/test/yawn/451.jpg,1
YD_dataset/test/yawn/455.jpg,1
YD_dataset/test/yawn/461.jpg,1
YD_dataset/test/yawn/465.jpg,1
YD_dataset/test/yawn/466.jpg,1
YD_dataset/test/yawn/47.jpg,1
YD_dataset/test/yawn/477.jpg,1
YD_dataset/test/yawn/480.jpg,1
YD_dataset/test/yawn/482.jpg,1
YD_dataset/test/yawn/49.jpg,1
YD_dataset/test/yawn/505.jpg,1
YD_dataset/test/yawn/511.jpg,1
YD_dataset/test/yawn/513.jpg,1
YD_dataset/test/yawn/526.jpg,1
YD_dataset/test/yawn/527.jpg,1
YD_dataset/test/yawn/529.jpg,1
YD_dataset/test/yawn/538.jpg,1
YD_dataset/test/yawn/547.jpg,1
YD_dataset/test/yawn/548.jpg,1
YD_dataset/test/yawn/551.jpg,1
YD_dataset/test/yawn/554.jpg,1
YD_dataset/test/yawn/559.jpg,1
YD_dataset/test/yawn/563.jpg,1
YD_dataset/test/yawn/564.jpg,1
YD_dataset/test/yawn/602.jpg,1
YD_dataset/test/yawn/606.jpg,1
YD_dataset/test/yawn/61.jpg,1
YD_dataset/test/yawn/619.jpg,1
YD_dataset/test/yawn/622.jpg,1
YD_dataset/test/yawn/63.jpg,1
YD_dataset/test/yawn/630.jpg,1
YD_dataset/test/yawn/632.jpg,1
YD_dataset/test/yawn/649.jpg,1
YD_dataset/test/yawn/652.jpg,1
YD_dataset/test/yawn/662.jpg,1
YD_dataset/test/yawn/676.jpg,1
YD_dataset/test/yawn/678.jpg,1
YD_dataset/test/yawn/681.jpg,1
YD_dataset/test/yawn/686.jpg,1
YD_dataset/test/yawn/707.jpg,1
YD_dataset/test/yawn/709.jpg,1
YD_dataset/test/yawn/711.jpg,1
YD_dataset/test/yawn/715.jpg,1
YD_dataset/test/yawn/719.jpg,1
YD_dataset/test/yawn/720.jpg,1
YD_dataset/test/yawn/721.jpg,1
YD_dataset/test/yawn/725.jpg,1
YD_dataset/test/yawn/81.jpg,1
YD_dataset/test/yawn/84.jpg,1
YD_dataset/test/yawn/86.jpg,1
YD_dataset/test/yawn/95.jpg,1
YD_dataset/test/no_yawn/1004.jpg,0
YD_dataset/test/no_yawn/1007.jpg,0
YD_dataset/test/no_yawn/1010.jpg,0
YD_dataset/test/no_yawn/1033.jpg,0
YD_dataset/test/no_yawn/1044.jpg,0
YD_dataset/test/no_yawn/1050.jpg,0
YD_dataset/test/no_yawn/1063.jpg,0
YD_dataset/test/no_yawn/1067.jpg,0
YD_dataset/test/no_yawn/1096.jpg,0
YD_dataset/test/no_yawn/1114.jpg,0
YD_dataset/test/no_yawn/1118.jpg,0
YD_dataset/test/no_yawn/1129.jpg,0
YD_dataset/test/no_yawn/113.jpg,0
YD_dataset/test/no_yawn/1134.jpg,0
YD_dataset/test/no_yawn/115.jpg,0
YD_dataset/test/no_yawn/1213.jpg,0
YD_dataset/test/no_yawn/1267.jpg,0
YD_dataset/test/no_yawn/1268.jpg,0
YD_dataset/test/no_yawn/1323.jpg,0
YD_dataset/test/no_yawn/1367.jpg,0
YD_dataset/test/no_yawn/1368.jpg,0
YD_dataset/test/no_yawn/1452.jpg,0
YD_dataset/test/no_yawn/1459.jpg,0
YD_dataset/test/no_yawn/1486.jpg,0
YD_dataset/test/no_yawn/1536.jpg,0
YD_dataset/test/no_yawn/1543.jpg,0
YD_dataset/test/no_yawn/1544.jpg,0
YD_dataset/test/no_yawn/1558.jpg,0
YD_dataset/test/no_yawn/1566.jpg,0
YD_dataset/test/no_yawn/1570.jpg,0
YD_dataset/test/no_yawn/1594.jpg,0
YD_dataset/test/no_yawn/1596.jpg,0
YD_dataset/test/no_yawn/1641.jpg,0
YD_dataset/test/no_yawn/1643.jpg,0
YD_dataset/test/no_yawn/1771.jpg,0
YD_dataset/test/no_yawn/1862.jpg,0
YD_dataset/test/no_yawn/1863.jpg,0
YD_dataset/test/no_yawn/1897.jpg,0
YD_dataset/test/no_yawn/1898.jpg,0
YD_dataset/test/no_yawn/1913.jpg,0
YD_dataset/test/no_yawn/1942.jpg,0
YD_dataset/test/no_yawn/1946.jpg,0
YD_dataset/test/no_yawn/1947.jpg,0
YD_dataset/test/no_yawn/1950.jpg,0
YD_dataset/test/no_yawn/2004.jpg,0
YD_dataset/test/no_yawn/2016.jpg,0
YD_dataset/test/no_yawn/205.jpg,0
YD_dataset/test/no_yawn/2059.jpg,0
YD_dataset/test/no_yawn/2090.jpg,0
YD_dataset/test/no_yawn/2093.jpg,0
YD_dataset/test/no_yawn/2107.jpg,0
YD_dataset/test/no_yawn/211.jpg,0
YD_dataset/test/no_yawn/2110.jpg,0
YD_dataset/test/no_yawn/2197.jpg,0
YD_dataset/test/no_yawn/2289.jpg,0
YD_dataset/test/no_yawn/2311.jpg,0
YD_dataset/test/no_yawn/233.jpg,0
YD_dataset/test/no_yawn/2346.jpg,0
YD_dataset/test/no_yawn/2351.jpg,0
YD_dataset/test/no_yawn/2354.jpg,0
YD_dataset/test/no_yawn/237.jpg,0
YD_dataset/test/no_yawn/24.jpg,0
YD_dataset/test/no_yawn/2406.jpg,0
YD_dataset/test/no_yawn/2408.jpg,0
YD_dataset/test/no_yawn/2431.jpg,0
YD_dataset/test/no_yawn/2482.jpg,0
YD_dataset/test/no_yawn/2511.jpg,0
YD_dataset/test/no_yawn/2514.jpg,0
YD_dataset/test/no_yawn/2541.jpg,0
YD_dataset/test/no_yawn/2542.jpg,0
YD_dataset/test/no_yawn/2548.jpg,0
YD_dataset/test/no_yawn/2577.jpg,0
YD_dataset/test/no_yawn/2590.jpg,0
YD_dataset/test/no_yawn/26.jpg,0
YD_dataset/test/no_yawn/2607.jpg,0
YD_dataset/test/no_yawn/2621.jpg,0
YD_dataset/test/no_yawn/276.jpg,0
YD_dataset/test/no_yawn/29.jpg,0
YD_dataset/test/no_yawn/291.jpg,0
YD_dataset/test/no_yawn/461.jpg,0
YD_dataset/test/no_yawn/470.jpg,0
YD_dataset/test/no_yawn/487.jpg,0
YD_dataset/test/no_yawn/510.jpg,0
YD_dataset/test/no_yawn/526.jpg,0
YD_dataset/test/no_yawn/548.jpg,0
YD_dataset/test/no_yawn/551.jpg,0
YD_dataset/test/no_yawn/555.jpg,0
YD_dataset/test/no_yawn/603.jpg,0
YD_dataset/test/no_yawn/610.jpg,0
YD_dataset/test/no_yawn/616.jpg,0
YD_dataset/test/no_yawn/646.jpg,0
YD_dataset/test/no_yawn/702.jpg,0
YD_dataset/test/no_yawn/71.jpg,0
YD_dataset/test/no_yawn/728.jpg,0
YD_dataset/test/no_yawn/755.jpg,0
YD_dataset/test/no_yawn/756.jpg,0
YD_dataset/test/no_yawn/771.jpg,0
YD_dataset/test/no_yawn/779.jpg,0
YD_dataset/test/no_yawn/830.jpg,0
YD_dataset/test/no_yawn/840.jpg,0
YD_dataset/test/no_yawn/866.jpg,0
YD_dataset/test/no_yawn/896.jpg,0
YD_dataset/test/no_yawn/898.jpg,0
YD_dataset/test/no_yawn/900.jpg,0
YD_dataset/test/no_yawn/91.jpg,0
YD_dataset/test/no_yawn/958.jpg,0
YD_dataset/test/no_yawn/959.jpg,0
YD_dataset/test/no_yawn/963.jpg,0
YD_dataset/test/no_yawn/976.jpg,0
YD_dataset/train/no_yawn/1.jpg,0
YD_dataset/train/no_yawn/1003.jpg,0
YD_dataset/train/no_yawn/1006.jpg,0
YD_dataset/train/no_yawn/1008.jpg,0
YD_dataset/train/no_yawn/1009.jpg,0
YD_dataset/train/no_yawn/1021.jpg,0
YD_dataset/train/no_yawn/1028.jpg,0
YD_dataset/train/no_yawn/1029.jpg,0
YD_dataset/train/no_yawn/1030.jpg,0
YD_dataset/train/no_yawn/1031.jpg,0
YD_dataset/train/no_yawn/1032.jpg,0
YD_dataset/train/no_yawn/1034.jpg,0
YD_dataset/train/no_yawn/1038.jpg,0
YD_dataset/train/no_yawn/1039.jpg,0
YD_dataset/train/no_yawn/1042.jpg,0
YD_dataset/train/no_yawn/1046.jpg,0
YD_dataset/train/no_yawn/1047.jpg,0
YD_dataset/train/no_yawn/1061.jpg,0
YD_dataset/train/no_yawn/1062.jpg,0
YD_dataset/train/no_yawn/1068.jpg,0
YD_dataset/train/no_yawn/1069.jpg,0
YD_dataset/train/no_yawn/1073.jpg,0
YD_dataset/train/no_yawn/1074.jpg,0
YD_dataset/train/no_yawn/1097.jpg,0
YD_dataset/train/no_yawn/1098.jpg,0
YD_dataset/train/no_yawn/111.jpg,0
YD_dataset/train/no_yawn/1111.jpg,0
YD_dataset/train/no_yawn/1116.jpg,0
YD_dataset/train/no_yawn/1117.jpg,0
YD_dataset/train/no_yawn/112.jpg,0
YD_dataset/train/no_yawn/1120.jpg,0
YD_dataset/train/no_yawn/1121.jpg,0
YD_dataset/train/no_yawn/1122.jpg,0
YD_dataset/train/no_yawn/1128.jpg,0
YD_dataset/train/no_yawn/1130.jpg,0
YD_dataset/train/no_yawn/1131.jpg,0
YD_dataset/train/no_yawn/1132.jpg,0
YD_dataset/train/no_yawn/1133.jpg,0
YD_dataset/train/no_yawn/1139.jpg,0
YD_dataset/train/no_yawn/114.jpg,0
YD_dataset/train/no_yawn/117.jpg,0
YD_dataset/train/no_yawn/1172.jpg,0
YD_dataset/train/no_yawn/1173.jpg,0
YD_dataset/train/no_yawn/1174.jpg,0
YD_dataset/train/no_yawn/1176.jpg,0
YD_dataset/train/no_yawn/1177.jpg,0
YD_dataset/train/no_yawn/1178.jpg,0
YD_dataset/train/no_yawn/1201.jpg,0
YD_dataset/train/no_yawn/1202.jpg,0
YD_dataset/train/no_yawn/1203.jpg,0
YD_dataset/train/no_yawn/1208.jpg,0
YD_dataset/train/no_yawn/1209.jpg,0
YD_dataset/train/no_yawn/1210.jpg,0
YD_dataset/train/no_yawn/1214.jpg,0
YD_dataset/train/no_yawn/1246.jpg,0
YD_dataset/train/no_yawn/1247.jpg,0
YD_dataset/train/no_yawn/1248.jpg,0
YD_dataset/train/no_yawn/1250.jpg,0
YD_dataset/train/no_yawn/1261.jpg,0
YD_dataset/train/no_yawn/1266.jpg,0
YD_dataset/train/no_yawn/1269.jpg,0
YD_dataset/train/no_yawn/1270.jpg,0
YD_dataset/train/no_yawn/1281.jpg,0
YD_dataset/train/no_yawn/1282.jpg,0
YD_dataset/train/no_yawn/1318.jpg,0
YD_dataset/train/no_yawn/1319.jpg,0
YD_dataset/train/no_yawn/1320.jpg,0
YD_dataset/train/no_yawn/1322.jpg,0
YD_dataset/train/no_yawn/1324.jpg,0
YD_dataset/train/no_yawn/1326.jpg,0
YD_dataset/train/no_yawn/1327.jpg,0
YD_dataset/train/no_yawn/1332.jpg,0
YD_dataset/train/no_yawn/1333.jpg,0
YD_dataset/train/no_yawn/1334.jpg,0
YD_dataset/train/no_yawn/1356.jpg,0
YD_dataset/train/no_yawn/1357.jpg,0
YD_dataset/train/no_yawn/1359.jpg,0
YD_dataset/train/no_yawn/1362.jpg,0
YD_dataset/train/no_yawn/1363.jpg,0
YD_dataset/train/no_yawn/1369.jpg,0
YD_dataset/train/no_yawn/1370.jpg,0
YD_dataset/train/no_yawn/1371.jpg,0
YD_dataset/train/no_yawn/1374.jpg,0
YD_dataset/train/no_yawn/1376.jpg,0
YD_dataset/train/no_yawn/1378.jpg,0
YD_dataset/train/no_yawn/141.jpg,0
YD_dataset/train/no_yawn/1411.jpg,0
YD_dataset/train/no_yawn/1412.jpg,0
YD_dataset/train/no_yawn/1413.jpg,0
YD_dataset/train/no_yawn/142.jpg,0
YD_dataset/train/no_yawn/144.jpg,0
YD_dataset/train/no_yawn/1447.jpg,0
YD_dataset/train/no_yawn/1448.jpg,0
YD_dataset/train/no_yawn/1449.jpg,0
YD_dataset/train/no_yawn/145.jpg,0
YD_dataset/train/no_yawn/1450.jpg,0
YD_dataset/train/no_yawn/1451.jpg,0
YD_dataset/train/no_yawn/146.jpg,0
YD_dataset/train/no_yawn/1460.jpg,0
YD_dataset/train/no_yawn/1461.jpg,0
YD_dataset/train/no_yawn/1462.jpg,0
YD_dataset/train/no_yawn/1463.jpg,0
YD_dataset/train/no_yawn/1464.jpg,0
YD_dataset/train/no_yawn/147.jpg,0
YD_dataset/train/no_yawn/148.jpg,0
YD_dataset/train/no_yawn/1487.jpg,0
YD_dataset/train/no_yawn/149.jpg,0
YD_dataset/train/no_yawn/1492.jpg,0
YD_dataset/train/no_yawn/1493.jpg,0
YD_dataset/train/no_yawn/1496.jpg,0
YD_dataset/train/no_yawn/1497.jpg,0
YD_dataset/train/no_yawn/1498.jpg,0
YD_dataset/train/no_yawn/1499.jpg,0
YD_dataset/train/no_yawn/1500.jpg,0
YD_dataset/train/no_yawn/1503.jpg,0
YD_dataset/train/no_yawn/1507.jpg,0
YD_dataset/train/no_yawn/1508.jpg,0
YD_dataset/train/no_yawn/1509.jpg,0
YD_dataset/train/no_yawn/1510.jpg,0
YD_dataset/train/no_yawn/1532.jpg,0
YD_dataset/train/no_yawn/1537.jpg,0
YD_dataset/train/no_yawn/1538.jpg,0
YD_dataset/train/no_yawn/1541.jpg,0
YD_dataset/train/no_yawn/1542.jpg,0
YD_dataset/train/no_yawn/1559.jpg,0
YD_dataset/train/no_yawn/1561.jpg,0
YD_dataset/train/no_yawn/1562.jpg,0
YD_dataset/train/no_yawn/1567.jpg,0
YD_dataset/train/no_yawn/1571.jpg,0
YD_dataset/train/no_yawn/1572.jpg,0
YD_dataset/train/no_yawn/1573.jpg,0
YD_dataset/train/no_yawn/1574.jpg,0
YD_dataset/train/no_yawn/1576.jpg,0
YD_dataset/train/no_yawn/1592.jpg,0
YD_dataset/train/no_yawn/1593.jpg,0
YD_dataset/train/no_yawn/1597.jpg,0
YD_dataset/train/no_yawn/1598.jpg,0
YD_dataset/train/no_yawn/1599.jpg,0
YD_dataset/train/no_yawn/1600.jpg,0
YD_dataset/train/no_yawn/1611.jpg,0
YD_dataset/train/no_yawn/1627.jpg,0
YD_dataset/train/no_yawn/1629.jpg,0
YD_dataset/train/no_yawn/1630.jpg,0
YD_dataset/train/no_yawn/1642.jpg,0
YD_dataset/train/no_yawn/1647.jpg,0
YD_dataset/train/no_yawn/1648.jpg,0
YD_dataset/train/no_yawn/1651.jpg,0
YD_dataset/train/no_yawn/1652.jpg,0
YD_dataset/train/no_yawn/1653.jpg,0
YD_dataset/train/no_yawn/1686.jpg,0
YD_dataset/train/no_yawn/1689.jpg,0
YD_dataset/train/no_yawn/1690.jpg,0
YD_dataset/train/no_yawn/1701.jpg,0
YD_dataset/train/no_yawn/1703.jpg,0
YD_dataset/train/no_yawn/1706.jpg,0
YD_dataset/train/no_yawn/1707.jpg,0
YD_dataset/train/no_yawn/1708.jpg,0
YD_dataset/train/no_yawn/1711.jpg,0
YD_dataset/train/no_yawn/1712.jpg,0
YD_dataset/train/no_yawn/1714.jpg,0
YD_dataset/train/no_yawn/1736.jpg,0
YD_dataset/train/no_yawn/1738.jpg,0
YD_dataset/train/no_yawn/174.jpg,0
YD_dataset/train/no_yawn/1740.jpg,0
YD_dataset/train/no_yawn/175.jpg,0
YD_dataset/train/no_yawn/176.jpg,0
YD_dataset/train/no_yawn/1763.jpg,0
YD_dataset/train/no_yawn/1764.jpg,0
YD_dataset/train/no_yawn/1766.jpg,0
YD_dataset/train/no_yawn/1767.jpg,0
YD_dataset/train/no_yawn/1768.jpg,0
YD_dataset/train/no_yawn/1769.jpg,0
YD_dataset/train/no_yawn/177.jpg,0
YD_dataset/train/no_yawn/1777.jpg,0
YD_dataset/train/no_yawn/1778.jpg,0
YD_dataset/train/no_yawn/1779.jpg,0
YD_dataset/train/no_yawn/1780.jpg,0
YD_dataset/train/no_yawn/1781.jpg,0
YD_dataset/train/no_yawn/1782.jpg,0
YD_dataset/train/no_yawn/1783.jpg,0
YD_dataset/train/no_yawn/1784.jpg,0
YD_dataset/train/no_yawn/1788.jpg,0
YD_dataset/train/no_yawn/179.jpg,0
YD_dataset/train/no_yawn/1802.jpg,0
YD_dataset/train/no_yawn/1803.jpg,0
YD_dataset/train/no_yawn/1804.jpg,0
YD_dataset/train/no_yawn/1816.jpg,0
YD_dataset/train/no_yawn/1817.jpg,0
YD_dataset/train/no_yawn/1820.jpg,0
YD_dataset/train/no_yawn/1851.jpg,0
YD_dataset/train/no_yawn/1852.jpg,0
YD_dataset/train/no_yawn/1856.jpg,0
YD_dataset/train/no_yawn/1857.jpg,0
YD_dataset/train/no_yawn/1859.jpg,0
YD_dataset/train/no_yawn/1864.jpg,0
YD_dataset/train/no_yawn/1866.jpg,0
YD_dataset/train/no_yawn/1867.jpg,0
YD_dataset/train/no_yawn/1870.jpg,0
YD_dataset/train/no_yawn/1871.jpg,0
YD_dataset/train/no_yawn/1874.jpg,0
YD_dataset/train/no_yawn/1876.jpg,0
YD_dataset/train/no_yawn/1878.jpg,0
YD_dataset/train/no_yawn/1879.jpg,0
YD_dataset/train/no_yawn/1880.jpg,0
YD_dataset/train/no_yawn/1891.jpg,0
YD_dataset/train/no_yawn/1893.jpg,0
YD_dataset/train/no_yawn/1899.jpg,0
YD_dataset/train/no_yawn/1900.jpg,0
YD_dataset/train/no_yawn/1911.jpg,0
YD_dataset/train/no_yawn/1914.jpg,0
YD_dataset/train/no_yawn/1916.jpg,0
YD_dataset/train/no_yawn/1931.jpg,0
YD_dataset/train/no_yawn/1932.jpg,0
YD_dataset/train/no_yawn/1933.jpg,0
YD_dataset/train/no_yawn/1934.jpg,0
YD_dataset/train/no_yawn/1936.jpg,0
YD_dataset/train/no_yawn/1937.jpg,0
YD_dataset/train/no_yawn/1938.jpg,0
YD_dataset/train/no_yawn/1948.jpg,0
YD_dataset/train/no_yawn/1949.jpg,0
YD_dataset/train/no_yawn/1963.jpg,0
YD_dataset/train/no_yawn/1964.jpg,0
YD_dataset/train/no_yawn/1966.jpg,0
YD_dataset/train/no_yawn/1967.jpg,0
YD_dataset/train/no_yawn/1981.jpg,0
YD_dataset/train/no_yawn/1982.jpg,0
YD_dataset/train/no_yawn/1986.jpg,0
YD_dataset/train/no_yawn/1987.jpg,0
YD_dataset/train/no_yawn/1988.jpg,0
YD_dataset/train/no_yawn/1989.jpg,0
YD_dataset/train/no_yawn/1990.jpg,0
YD_dataset/train/no_yawn/2.jpg,0
YD_dataset/train/no_yawn/2001.jpg,0
YD_dataset/train/no_yawn/2008.jpg,0
YD_dataset/train/no_yawn/2009.jpg,0
YD_dataset/train/no_yawn/201.jpg,0
YD_dataset/train/no_yawn/2010.jpg,0
YD_dataset/train/no_yawn/2011.jpg,0
YD_dataset/train/no_yawn/2012.jpg,0
YD_dataset/train/no_yawn/2013.jpg,0
YD_dataset/train/no_yawn/2014.jpg,0
YD_dataset/train/no_yawn/202.jpg,0
YD_dataset/train/no_yawn/2031.jpg,0
YD_dataset/train/no_yawn/2032.jpg,0
YD_dataset/train/no_yawn/2033.jpg,0
YD_dataset/train/no_yawn/2034.jpg,0
YD_dataset/train/no_yawn/2056.jpg,0
YD_dataset/train/no_yawn/2057.jpg,0
YD_dataset/train/no_yawn/2058.jpg,0
YD_dataset/train/no_yawn/206.jpg,0
YD_dataset/train/no_yawn/2062.jpg,0
YD_dataset/train/no_yawn/2066.jpg,0
YD_dataset/train/no_yawn/2067.jpg,0
YD_dataset/train/no_yawn/2068.jpg,0
YD_dataset/train/no_yawn/2069.jpg,0
YD_dataset/train/no_yawn/2070.jpg,0
YD_dataset/train/no_yawn/2071.jpg,0
YD_dataset/train/no_yawn/2074.jpg,0
YD_dataset/train/no_yawn/208.jpg,0
YD_dataset/train/no_yawn/2086.jpg,0
YD_dataset/train/no_yawn/2087.jpg,0
YD_dataset/train/no_yawn/209.jpg,0
YD_dataset/train/no_yawn/2091.jpg,0
YD_dataset/train/no_yawn/2092.jpg,0
YD_dataset/train/no_yawn/2108.jpg,0
YD_dataset/train/no_yawn/2109.jpg,0
YD_dataset/train/no_yawn/212.jpg,0
YD_dataset/train/no_yawn/2121.jpg,0
YD_dataset/train/no_yawn/2124.jpg,0
YD_dataset/train/no_yawn/2126.jpg,0
YD_dataset/train/no_yawn/2129.jpg,0
YD_dataset/train/no_yawn/213.jpg,0
YD_dataset/train/no_yawn/2130.jpg,0
YD_dataset/train/no_yawn/2131.jpg,0
YD_dataset/train/no_yawn/2132.jpg,0
YD_dataset/train/no_yawn/2133.jpg,0
YD_dataset/train/no_yawn/2134.jpg,0
YD_dataset/train/no_yawn/2136.jpg,0
YD_dataset/train/no_yawn/2151.jpg,0
YD_dataset/train/no_yawn/2152.jpg,0
YD_dataset/train/no_yawn/2153.jpg,0
YD_dataset/train/no_yawn/2154.jpg,0
YD_dataset/train/no_yawn/2156.jpg,0
YD_dataset/train/no_yawn/2157.jpg,0
YD_dataset/train/no_yawn/2158.jpg,0
YD_dataset/train/no_yawn/2159.jpg,0
YD_dataset/train/no_yawn/2160.jpg,0
YD_dataset/train/no_yawn/217.jpg,0
YD_dataset/train/no_yawn/218.jpg,0
YD_dataset/train/no_yawn/219.jpg,0
YD_dataset/train/no_yawn/2196.jpg,0
YD_dataset/train/no_yawn/2198.jpg,0
YD_dataset/train/no_yawn/2199.jpg,0
YD_dataset/train/no_yawn/2200.jpg,0
YD_dataset/train/no_yawn/2201.jpg,0
YD_dataset/train/no_yawn/2202.jpg,0
YD_dataset/train/no_yawn/221.jpg,0
YD_dataset/train/no_yawn/2216.jpg,0
YD_dataset/train/no_yawn/2217.jpg,0
YD_dataset/train/no_yawn/2220.jpg,0
YD_dataset/train/no_yawn/2221.jpg,0
YD_dataset/train/no_yawn/2222.jpg,0
YD_dataset/train/no_yawn/2223.jpg,0
YD_dataset/train/no_yawn/2224.jpg,0
YD_dataset/train/no_yawn/2228.jpg,0
YD_dataset/train/no_yawn/2229.jpg,0
YD_dataset/train/no_yawn/223.jpg,0
YD_dataset/train/no_yawn/2230.jpg,0
YD_dataset/train/no_yawn/224.jpg,0
YD_dataset/train/no_yawn/2241.jpg,0
YD_dataset/train/no_yawn/2244.jpg,0
YD_dataset/train/no_yawn/2246.jpg,0
YD_dataset/train/no_yawn/2247.jpg,0
YD_dataset/train/no_yawn/225.jpg,0
YD_dataset/train/no_yawn/2250.jpg,0
YD_dataset/train/no_yawn/2251.jpg,0
YD_dataset/train/no_yawn/2252.jpg,0
YD_dataset/train/no_yawn/2253.jpg,0
YD_dataset/train/no_yawn/2254.jpg,0
YD_dataset/train/no_yawn/2256.jpg,0
YD_dataset/train/no_yawn/2259.jpg,0
YD_dataset/train/no_yawn/226.jpg,0
YD_dataset/train/no_yawn/2282.jpg,0
YD_dataset/train/no_yawn/2283.jpg,0
YD_dataset/train/no_yawn/2284.jpg,0
YD_dataset/train/no_yawn/2286.jpg,0
YD_dataset/train/no_yawn/2287.jpg,0
YD_dataset/train/no_yawn/2288.jpg,0
YD_dataset/train/no_yawn/229.jpg,0
YD_dataset/train/no_yawn/2290.jpg,0
YD_dataset/train/no_yawn/2296.jpg,0
YD_dataset/train/no_yawn/2297.jpg,0
YD_dataset/train/no_yawn/2298.jpg,0
YD_dataset/train/no_yawn/2299.jpg,0
YD_dataset/train/no_yawn/2300.jpg,0
YD_dataset/train/no_yawn/231.jpg,0
YD_dataset/train/no_yawn/2312.jpg,0
YD_dataset/train/no_yawn/2313.jpg,0
YD_dataset/train/no_yawn/2327.jpg,0
YD_dataset/train/no_yawn/2330.jpg,0
YD_dataset/train/no_yawn/234.jpg,0
YD_dataset/train/no_yawn/2341.jpg,0
YD_dataset/train/no_yawn/2342.jpg,0
YD_dataset/train/no_yawn/2343.jpg,0
YD_dataset/train/no_yawn/2344.jpg,0
YD_dataset/train/no_yawn/2349.jpg,0
YD_dataset/train/no_yawn/235.jpg,0
YD_dataset/train/no_yawn/2350.jpg,0
YD_dataset/train/no_yawn/2356.jpg,0
YD_dataset/train/no_yawn/2357.jpg,0
YD_dataset/train/no_yawn/2358.jpg,0
YD_dataset/train/no_yawn/2371.jpg,0
YD_dataset/train/no_yawn/2372.jpg,0
YD_dataset/train/no_yawn/2373.jpg,0
YD_dataset/train/no_yawn/2374.jpg,0
YD_dataset/train/no_yawn/238.jpg,0
YD_dataset/train/no_yawn/2396.jpg,0
YD_dataset/train/no_yawn/2399.jpg,0
YD_dataset/train/no_yawn/2400.jpg,0
YD_dataset/train/no_yawn/2403.jpg,0
YD_dataset/train/no_yawn/2404.jpg,0
YD_dataset/train/no_yawn/2407.jpg,0
YD_dataset/train/no_yawn/2409.jpg,0
YD_dataset/train/no_yawn/2410.jpg,0
YD_dataset/train/no_yawn/2426.jpg,0
YD_dataset/train/no_yawn/2427.jpg,0
YD_dataset/train/no_yawn/2428.jpg,0
YD_dataset/train/no_yawn/2429.jpg,0
YD_dataset/train/no_yawn/2430.jpg,0
YD_dataset/train/no_yawn/2432.jpg,0
YD_dataset/train/no_yawn/2433.jpg,0
YD_dataset/train/no_yawn/2434.jpg,0
YD_dataset/train/no_yawn/2440.jpg,0
YD_dataset/train/no_yawn/2461.jpg,0
YD_dataset/train/no_yawn/2462.jpg,0
YD_dataset/train/no_yawn/2463.jpg,0
YD_dataset/train/no_yawn/2464.jpg,0
YD_dataset/train/no_yawn/2466.jpg,0
YD_dataset/train/no_yawn/2467.jpg,0
YD_dataset/train/no_yawn/2470.jpg,0
YD_dataset/train/no_yawn/2471.jpg,0
YD_dataset/train/no_yawn/2474.jpg,0
YD_dataset/train/no_yawn/2476.jpg,0
YD_dataset/train/no_yawn/2477.jpg,0
YD_dataset/train/no_yawn/2478.jpg,0
YD_dataset/train/no_yawn/2479.jpg,0
YD_dataset/train/no_yawn/2483.jpg,0
YD_dataset/train/no_yawn/2484.jpg,0
YD_dataset/train/no_yawn/2496.jpg,0
YD_dataset/train/no_yawn/2499.jpg,0
YD_dataset/train/no_yawn/25.jpg,0
YD_dataset/train/no_yawn/2500.jpg,0
YD_dataset/train/no_yawn/2513.jpg,0
YD_dataset/train/no_yawn/2516.jpg,0
YD_dataset/train/no_yawn/2517.jpg,0
YD_dataset/train/no_yawn/2518.jpg,0
YD_dataset/train/no_yawn/2519.jpg,0
YD_dataset/train/no_yawn/253.jpg,0
YD_dataset/train/no_yawn/2532.jpg,0
YD_dataset/train/no_yawn/2534.jpg,0
YD_dataset/train/no_yawn/2536.jpg,0
YD_dataset/train/no_yawn/2537.jpg,0
YD_dataset/train/no_yawn/2538.jpg,0
YD_dataset/train/no_yawn/2539.jpg,0
YD_dataset/train/no_yawn/254.jpg,0
YD_dataset/train/no_yawn/2540.jpg,0
YD_dataset/train/no_yawn/2547.jpg,0
YD_dataset/train/no_yawn/2549.jpg,0
YD_dataset/train/no_yawn/255.jpg,0
YD_dataset/train/no_yawn/2550.jpg,0
YD_dataset/train/no_yawn/256.jpg,0
YD_dataset/train/no_yawn/257.jpg,0
YD_dataset/train/no_yawn/2571.jpg,0
YD_dataset/train/no_yawn/2572.jpg,0
YD_dataset/train/no_yawn/2573.jpg,0
YD_dataset/train/no_yawn/2574.jpg,0
YD_dataset/train/no_yawn/2580.jpg,0
YD_dataset/train/no_yawn/2581.jpg,0
YD_dataset/train/no_yawn/2582.jpg,0
YD_dataset/train/no_yawn/2583.jpg,0
YD_dataset/train/no_yawn/2584.jpg,0
YD_dataset/train/no_yawn/2586.jpg,0
YD_dataset/train/no_yawn/2588.jpg,0
YD_dataset/train/no_yawn/2589.jpg,0
YD_dataset/train/no_yawn/259.jpg,0
YD_dataset/train/no_yawn/2603.jpg,0
YD_dataset/train/no_yawn/2604.jpg,0
YD_dataset/train/no_yawn/2606.jpg,0
YD_dataset/train/no_yawn/2609.jpg,0
YD_dataset/train/no_yawn/2610.jpg,0
YD_dataset/train/no_yawn/2622.jpg,0
YD_dataset/train/no_yawn/2623.jpg,0
YD_dataset/train/no_yawn/27.jpg,0
YD_dataset/train/no_yawn/271.jpg,0
YD_dataset/train/no_yawn/277.jpg,0
YD_dataset/train/no_yawn/278.jpg,0
YD_dataset/train/no_yawn/279.jpg,0
YD_dataset/train/no_yawn/28.jpg,0
YD_dataset/train/no_yawn/292.jpg,0
YD_dataset/train/no_yawn/293.jpg,0
YD_dataset/train/no_yawn/295.jpg,0
YD_dataset/train/no_yawn/299.jpg,0
YD_dataset/train/no_yawn/3.jpg,0
YD_dataset/train/no_yawn/312.jpg,0
YD_dataset/train/no_yawn/313.jpg,0
YD_dataset/train/no_yawn/314.jpg,0
YD_dataset/train/no_yawn/315.jpg,0
YD_dataset/train/no_yawn/316.jpg,0
YD_dataset/train/no_yawn/317.jpg,0
YD_dataset/train/no_yawn/318.jpg,0
YD_dataset/train/no_yawn/332.jpg,0
YD_dataset/train/no_yawn/333.jpg,0
YD_dataset/train/no_yawn/336.jpg,0
YD_dataset/train/no_yawn/371.jpg,0
YD_dataset/train/no_yawn/372.jpg,0
YD_dataset/train/no_yawn/373.jpg,0
YD_dataset/train/no_yawn/375.jpg,0
YD_dataset/train/no_yawn/378.jpg,0
YD_dataset/train/no_yawn/379.jpg,0
YD_dataset/train/no_yawn/380.jpg,0
YD_dataset/train/no_yawn/4.jpg,0
YD_dataset/train/no_yawn/411.jpg,0
YD_dataset/train/no_yawn/412.jpg,0
YD_dataset/train/no_yawn/416.jpg,0
YD_dataset/train/no_yawn/417.jpg,0
YD_dataset/train/no_yawn/420.jpg,0
YD_dataset/train/no_yawn/431.jpg,0
YD_dataset/train/no_yawn/432.jpg,0
YD_dataset/train/no_yawn/433.jpg,0
YD_dataset/train/no_yawn/435.jpg,0
YD_dataset/train/no_yawn/436.jpg,0
YD_dataset/train/no_yawn/437.jpg,0
YD_dataset/train/no_yawn/439.jpg,0
YD_dataset/train/no_yawn/443.jpg,0
YD_dataset/train/no_yawn/445.jpg,0
YD_dataset/train/no_yawn/446.jpg,0
YD_dataset/train/no_yawn/447.jpg,0
YD_dataset/train/no_yawn/448.jpg,0
YD_dataset/train/no_yawn/449.jpg,0
YD_dataset/train/no_yawn/450.jpg,0
YD_dataset/train/no_yawn/466.jpg,0
YD_dataset/train/no_yawn/467.jpg,0
YD_dataset/train/no_yawn/469.jpg,0
YD_dataset/train/no_yawn/481.jpg,0
YD_dataset/train/no_yawn/482.jpg,0
YD_dataset/train/no_yawn/483.jpg,0
YD_dataset/train/no_yawn/488.jpg,0
YD_dataset/train/no_yawn/490.jpg,0
YD_dataset/train/no_yawn/5.jpg,0
YD_dataset/train/no_yawn/501.jpg,0
YD_dataset/train/no_yawn/502.jpg,0
YD_dataset/train/no_yawn/505.jpg,0
YD_dataset/train/no_yawn/507.jpg,0
YD_dataset/train/no_yawn/509.jpg,0
YD_dataset/train/no_yawn/51.jpg,0
YD_dataset/train/no_yawn/521.jpg,0
YD_dataset/train/no_yawn/522.jpg,0
YD_dataset/train/no_yawn/525.jpg,0
YD_dataset/train/no_yawn/528.jpg,0
YD_dataset/train/no_yawn/529.jpg,0
YD_dataset/train/no_yawn/54.jpg,0
YD_dataset/train/no_yawn/542.jpg,0
YD_dataset/train/no_yawn/543.jpg,0
YD_dataset/train/no_yawn/546.jpg,0
YD_dataset/train/no_yawn/547.jpg,0
YD_dataset/train/no_yawn/552.jpg,0
YD_dataset/train/no_yawn/557.jpg,0
YD_dataset/train/no_yawn/558.jpg,0
YD_dataset/train/no_yawn/56.jpg,0
YD_dataset/train/no_yawn/560.jpg,0
YD_dataset/train/no_yawn/571.jpg,0
YD_dataset/train/no_yawn/572.jpg,0
YD_dataset/train/no_yawn/573.jpg,0
YD_dataset/train/no_yawn/578.jpg,0
YD_dataset/train/no_yawn/579.jpg,0
YD_dataset/train/no_yawn/58.jpg,0
YD_dataset/train/no_yawn/580.jpg,0
YD_dataset/train/no_yawn/6.jpg,0
YD_dataset/train/no_yawn/601.jpg,0
YD_dataset/train/no_yawn/602.jpg,0
YD_dataset/train/no_yawn/606.jpg,0
YD_dataset/train/no_yawn/607.jpg,0
YD_dataset/train/no_yawn/612.jpg,0
YD_dataset/train/no_yawn/613.jpg,0
YD_dataset/train/no_yawn/615.jpg,0
YD_dataset/train/no_yawn/617.jpg,0
YD_dataset/train/no_yawn/618.jpg,0
YD_dataset/train/no_yawn/619.jpg,0
YD_dataset/train/no_yawn/623.jpg,0
YD_dataset/train/no_yawn/635.jpg,0
YD_dataset/train/no_yawn/638.jpg,0
YD_dataset/train/no_yawn/639.jpg,0
YD_dataset/train/no_yawn/640.jpg,0
YD_dataset/train/no_yawn/641.jpg,0
YD_dataset/train/no_yawn/645.jpg,0
YD_dataset/train/no_yawn/647.jpg,0
YD_dataset/train/no_yawn/648.jpg,0
YD_dataset/train/no_yawn/652.jpg,0
YD_dataset/train/no_yawn/653.jpg,0
YD_dataset/train/no_yawn/657.jpg,0
YD_dataset/train/no_yawn/658.jpg,0
YD_dataset/train/no_yawn/659.jpg,0
YD_dataset/train/no_yawn/660.jpg,0
YD_dataset/train/no_yawn/681.jpg,0
YD_dataset/train/no_yawn/682.jpg,0
YD_dataset/train/no_yawn/683.jpg,0
YD_dataset/train/no_yawn/689.jpg,0
YD_dataset/train/no_yawn/7.jpg,0
YD_dataset/train/no_yawn/701.jpg,0
YD_dataset/train/no_yawn/703.jpg,0
YD_dataset/train/no_yawn/72.jpg,0
YD_dataset/train/no_yawn/725.jpg,0
YD_dataset/train/no_yawn/726.jpg,0
YD_dataset/train/no_yawn/729.jpg,0
YD_dataset/train/no_yawn/73.jpg,0
YD_dataset/train/no_yawn/733.jpg,0
YD_dataset/train/no_yawn/758.jpg,0
YD_dataset/train/no_yawn/76.jpg,0
YD_dataset/train/no_yawn/760.jpg,0
YD_dataset/train/no_yawn/77.jpg,0
YD_dataset/train/no_yawn/773.jpg,0
YD_dataset/train/no_yawn/775.jpg,0
YD_dataset/train/no_yawn/778.jpg,0
YD_dataset/train/no_yawn/78.jpg,0
YD_dataset/train/no_yawn/780.jpg,0
YD_dataset/train/no_yawn/781.jpg,0
YD_dataset/train/no_yawn/782.jpg,0
YD_dataset/train/no_yawn/786.jpg,0
YD_dataset/train/no_yawn/787.jpg,0
YD_dataset/train/no_yawn/788.jpg,0
YD_dataset/train/no_yawn/79.jpg,0
YD_dataset/train/no_yawn/791.jpg,0
YD_dataset/train/no_yawn/792.jpg,0
YD_dataset/train/no_yawn/793.jpg,0
YD_dataset/train/no_yawn/8.jpg,0
YD_dataset/train/no_yawn/828.jpg,0
YD_dataset/train/no_yawn/829.jpg,0
YD_dataset/train/no_yawn/831.jpg,0
YD_dataset/train/no_yawn/833.jpg,0
YD_dataset/train/no_yawn/837.jpg,0
YD_dataset/train/no_yawn/851.jpg,0
YD_dataset/train/no_yawn/852.jpg,0
YD_dataset/train/no_yawn/853.jpg,0
YD_dataset/train/no_yawn/854.jpg,0
YD_dataset/train/no_yawn/867.jpg,0
YD_dataset/train/no_yawn/868.jpg,0
YD_dataset/train/no_yawn/884.jpg,0
YD_dataset/train/no_yawn/897.jpg,0
YD_dataset/train/no_yawn/899.jpg,0
YD_dataset/train/no_yawn/9.jpg,0
YD_dataset/train/no_yawn/911.jpg,0
YD_dataset/train/no_yawn/914.jpg,0
YD_dataset/train/no_yawn/918.jpg,0
YD_dataset/train/no_yawn/919.jpg,0
YD_dataset/train/no_yawn/93.jpg,0
YD_dataset/train/no_yawn/931.jpg,0
YD_dataset/train/no_yawn/932.jpg,0
YD_dataset/train/no_yawn/933.jpg,0
YD_dataset/train/no_yawn/94.jpg,0
YD_dataset/train/no_yawn/957.jpg,0
YD_dataset/train/no_yawn/962.jpg,0
YD_dataset/train/no_yawn/964.jpg,0
YD_dataset/train/no_yawn/98.jpg,0
YD_dataset/train/no_yawn/980.jpg,0
YD_dataset/train/no_yawn/981.jpg,0
YD_dataset/train/no_yawn/982.jpg,0
YD_dataset/train/no_yawn/983.jpg,0
YD_dataset/train/no_yawn/987.jpg,0
YD_dataset/train/no_yawn/988.jpg,0
YD_dataset/train/no_yawn/99.jpg,0
YD_dataset/train/no_yawn/991.jpg,0
YD_dataset/train/no_yawn/992.jpg,0
YD_dataset/train/no_yawn/993.jpg,0
YD_dataset/train/no_yawn/994.jpg,0
YD_dataset/train/no_yawn/997.jpg,0
YD_dataset/train/no_yawn/998.jpg,0
